core_id,st,maxtime,mintime,n_gps_samples,gps_satellites_avg,lat_avg,lat_fixed,lon_avg,lon_fixed,dist_diff_meters
40003e000347373334363431,2019-03-04 18:58:28+00,2019-05-24 09:39:31+00,2019-03-04 21:35:36+00,18993,6.37613857737061,5.54574860295892,5.5846764,-0.383708479755697,-0.2516429,15179.5836807807
4a0046001951353339373130,2018-06-21 16:04:51+00,2019-08-31 16:50:57+00,2018-07-03 04:35:59+00,38674,6.73090448363241,5.64537869630759,5.652673,-0.238090042716039,-0.2978059,6632.60781696052
57003c000151353432393339,2018-06-19 10:51:16+00,2018-12-20 02:39:33+00,2018-10-31 05:24:36+00,491,8.30753564154786,5.66221124032587,5.674243,-0.216269936863544,-0.2747364,6581.00207865915
47002d000a51353431383437,2018-06-19 09:27:54+00,2018-12-20 05:16:46+00,2018-07-01 00:01:10+00,61629,11.4350386993136,5.61678644143179,5.628238,-0.289986287153772,-0.2320765,6508.18893004212
240042001151363038393739,2018-06-19 09:47:13+00,2019-08-31 23:57:58+00,2018-07-01 00:00:21+00,286796,9.02732953039791,5.62826617695194,5.643435,-0.253593104157652,-0.3092749,6362.63398644533
240055000151353432393339,2018-06-19 17:25:43+00,2019-08-31 23:55:57+00,2018-07-03 10:42:11+00,102862,6.84573506251094,5.68505276576389,5.643223,-0.266571962930923,-0.2485588,5021.16234227459
58003e000951343334363138,2018-06-20 13:28:19+00,2019-05-07 02:19:57+00,2018-07-10 21:17:50+00,34,6.17647058823529,5.64523961764706,5.643435,-0.263798558823529,-0.3092749,5017.71266499553
480039001151363038393739,2018-06-21 12:14:27+00,2018-12-19 21:36:42+00,2018-12-17 09:37:31+00,130,7.35384615384615,5.62205404615384,5.621107,-0.241283584615385,-0.2830074,4601.23546226351
550036001351363038393739,2018-06-13 10:14:48+00,2019-08-31 23:49:42.987+00,2019-05-10 15:08:35.076+00,19019,7.08596666491403,5.61077253725221,5.638891,-0.329962171617855,-0.3000673,4524.75361528735
2f0025001451343334363036,2018-06-14 14:27:43+00,2018-12-20 10:28:05+00,2018-10-10 20:23:37+00,1613,10.0167389956603,5.66254945133292,5.645014,-0.204464117792933,-0.2371164,4086.19220684442
520027000351353337353037,2018-06-21 20:31:32+00,2018-09-30 06:23:05+00,2018-07-01 00:00:22+00,33584,9.00357313006193,5.60898446367328,5.608996,-0.219132177703666,-0.2552361,3980.45763637342
280030001251363038393739,2018-06-19 13:50:55+00,2019-08-31 17:21:00+00,2018-07-01 01:45:22+00,2378,4.75315391084945,5.68261347224558,5.663692,-0.266774904962153,-0.2386933,3733.22625129103
26002c001951343334363036,2018-06-18 14:26:26+00,2018-12-20 11:37:18+00,2018-07-01 08:05:57+00,12358,5.41220262178346,5.66309229713544,5.643435,-0.2880886194368,-0.3092749,3186.33527627126
470019000951343334363138,2019-04-15 17:02:14+00,2019-07-20 13:00:32+00,2019-04-16 07:43:37+00,2858,4.99580125962211,5.66308934604619,5.643435,-0.288101939818055,-0.3092749,3185.03751471956
350037001951353339373130,2018-06-18 09:48:13+00,2018-12-13 17:51:18+00,2018-12-13 17:24:36+00,16,9.8125,5.6650485,5.643435,-0.297319,-0.3092749,2723.1681418611
2f0028001251363038393739,2018-06-20 12:55:53+00,2018-07-10 01:59:07+00,2018-07-10 01:47:03+00,6,4,5.61029733333333,5.619511,-0.276470666666667,-0.2535973,2718.69113264152
26004e000951343334363138,2018-06-18 16:20:04+00,2018-12-15 22:07:03+00,2018-08-02 16:12:51+00,311,5.84565916398714,5.6826274244373,5.669168,-0.271777868167202,-0.2882211,2342.74370114914
3c0025001451343334363036,2018-06-19 09:43:45+00,2018-11-03 05:30:40+00,2018-07-01 00:00:01+00,48902,8.9636211197906,5.62897663506603,5.629128,-0.211904080589748,-0.2321295,2229.91493467353
470055001151363038393739,2019-04-16 18:55:45+00,2019-08-31 23:59:15+00,2019-05-13 16:46:11+00,6445,6.53467804499612,5.6301985484872,5.6285691,-0.303466157020947,-0.2847765,2068.35106541309
3e0025000247373334363431,2019-04-24 15:49:13+00,2019-05-10 21:59:43+00,2019-05-10 21:50:42+00,6,5.5,5.68107633333333,5.669168,-0.2814755,-0.2882211,1508.90134155777
2b0017000147373334363431,2019-05-09 12:58:26+00,2019-07-30 03:10:26+00,2019-05-09 13:04:39+00,36150,7.10461964038728,5.61344850439835,5.621107,-0.271933644508991,-0.2830074,1484.41140258069
310024001351363038393739,2018-06-21 13:14:15+00,2019-08-31 23:59:23+00,2018-07-01 00:01:00+00,297549,6.5569469230278,5.67135681670246,5.659904,-0.286604078155184,-0.2933875,1467.53402838424
2e0041000e47373334363431,2019-02-26 19:40:51+00,2019-08-29 12:58:49+00,2019-02-27 04:10:08+00,4899,5.26352316799347,5.53668774157991,5.5365133,-0.250412337619923,-0.2621112,1289.94295485449
400021000347373334363431,2019-04-16 09:13:17+00,2019-07-11 18:11:56+00,2019-07-11 07:54:46+00,171,5.58479532163743,5.66714124561403,5.660941,-0.277905847953216,-0.2681037,1278.73437748083
510042001951353339373130,2019-04-16 09:21:03+00,2019-08-21 03:27:28+00,2019-04-18 11:13:17+00,78549,5.70142204229207,5.66667371268891,5.658278,-0.278482934499489,-0.2863584,1269.12523408498
2f002c001251363038393739,2018-06-18 10:50:38+00,2018-12-13 16:19:49+00,2018-07-18 07:17:48+00,90614,8.22738208223895,5.66665135300291,5.658278,-0.278495441079746,-0.2863584,1266.3841354241
34002b001251363038393739,2018-06-14 09:22:48+00,2018-12-12 21:41:55+00,2018-12-12 12:45:13+00,215,11.8372093023256,5.62954582325581,5.629669,-0.236106706976744,-0.2474592,1251.68602773907
33005b000e51353433323633,2018-06-19 11:09:26+00,2019-08-31 23:59:38+00,2018-07-01 00:00:20+00,280207,6.83961499891152,5.67404322166102,5.666141,-0.266486425435446,-0.2740577,1206.56678079067
390032000647373334363431,2019-02-27 22:15:10+00,2019-08-30 19:16:06+00,2019-02-27 22:15:12+00,36853,5.77855262800857,5.56534761612355,5.5578274,-0.248432484519581,-0.2458962,874.987716236299
3f0025000d47373334363431,2019-03-04 20:04:53+00,2019-03-05 22:54:51+00,2019-03-04 20:04:54+00,862,7.26682134570766,5.58055082482599,5.5847621,-0.228728745939675,-0.235254,856.22295875254
43002c000951343334363138,2018-06-21 16:17:14+00,2018-12-10 23:21:27+00,2018-10-14 12:39:12+00,19559,6.82626923666854,5.64738330993403,5.651056,-0.281879404468528,-0.2751968,840.694058056802
560055000d50483553343720,2019-03-04 17:50:54+00,2019-08-31 23:59:50+00,2019-03-04 17:51:15+00,164424,10.3144918016835,5.59031639135998,5.5901646,-0.229991618182255,-0.2361557,679.796039981972
260041000f47373432363837,2019-05-14 17:20:06+00,2019-08-15 10:56:27+00,2019-06-27 21:05:17+00,5821,5.29393574987116,5.62526204226078,5.631135,-0.299787009448547,-0.3005749,653.294318586515
3b0041000951353431383437,2018-06-18 08:52:27+00,2019-01-09 07:44:18+00,2018-07-02 00:01:19+00,1750,4.72228571428571,5.59017404057142,5.594841,-0.288152583428572,-0.2857491,578.757297811437
21001e000247373334363431,2019-04-23 21:16:13+00,2019-07-23 09:20:06+00,2019-07-23 09:14:04+00,4,5,5.63208775,5.6283849,-0.23086275,-0.2336176,508.828494670276
380029000d50483553343720,2019-04-16 22:03:31+00,2019-08-31 23:58:42+00,2019-05-08 11:32:59+00,91477,6.78990347300414,5.6216762404538,5.618104,-0.25713778944434,-0.2594261,467.715625064945
49001a000951343334363138,2018-06-14 17:03:29+00,2018-11-07 11:51:56+00,2018-07-02 12:48:08+00,22589,6.86294213997964,5.63432064637659,5.632631,-0.297432504493336,-0.3011994,455.165714807975
35002f001951353339373130,2018-06-18 12:51:17+00,2018-12-20 11:59:57+00,2018-10-17 07:37:25+00,29987,7.4065428352286,5.66315005048857,5.665104,-0.285994198719444,-0.2892783,421.311397732374
510042001951353339373130,2018-06-19 16:52:18+00,2018-12-14 13:23:40+00,2018-07-01 00:00:18+00,55518,9.34199719010051,5.65853889491696,5.65538,-0.295850893584063,-0.2977016,403.637451313445
340050001251363038393739,2019-04-17 09:33:43+00,2019-08-14 05:59:03+00,2019-04-17 11:04:34+00,6395,5.48303362001564,5.65851296825648,5.65538,-0.295831860046911,-0.2977016,402.245090397641
2a0035000147373334363431,2019-02-22 18:24:23+00,2019-08-15 04:00:48+00,2019-07-12 07:27:14+00,20994,6.20877393541012,5.54346106054111,5.5445963,-0.262326418452891,-0.2590146,385.98381863561
3b004f000151353432393339,2018-06-20 13:58:31+00,2018-07-27 13:15:13+00,2018-07-03 09:54:17+00,22187,10.7745526659756,5.61573317442646,5.618482,-0.243967699914366,-0.2425559,340.692498405321
400063000951343334363138,2018-06-18 15:58:55+00,2018-12-20 06:10:19+00,2018-07-02 09:05:35+00,10428,5.47813578826237,5.60301979890683,5.604877,-0.29138084330648,-0.288974,335.168896085117
440029000347373334363431,2019-02-28 22:03:52+00,2019-05-24 19:56:03+00,2019-02-28 22:08:07+00,3765,5.46693227091633,5.60063090703852,5.5991088,-0.251013864010623,-0.2536069,331.496019337481
51004d000a51353431383437,2018-06-14 12:44:11+00,2018-09-01 11:00:10+00,2018-07-01 00:00:43+00,34057,10.518806706404,5.64141454734702,5.638711,-0.27026767836275,-0.2698038,302.421827012985
280027001251363038393739,2018-06-20 13:31:29+00,2018-09-12 19:36:34+00,2018-07-01 17:24:30+00,5839,5.3557115944511,5.6427509909231,5.644153,-0.286356400411029,-0.2840552,297.085452192626
200032000747373334363431,2019-02-27 16:46:45+00,2019-08-31 23:58:56+00,2019-02-28 12:15:21+00,14574,7.71154110059009,5.55687724591738,5.554854,-0.250160659187596,-0.248659,277.788529733511
450019000951343334363138,2018-06-19 16:46:46+00,2018-10-05 19:29:43+00,2018-10-05 11:50:08+00,199,7.26633165829146,5.61225393969849,5.61364,-0.261430964824121,-0.2634423,269.304268659739
57002c000151353432393339,2018-06-18 18:23:48+00,2018-12-20 11:59:01+00,2018-07-01 00:01:11+00,99449,8.03395710364106,5.62097647460495,5.621392,-0.292672059809563,-0.2905104,242.686132730198
35003d001050483553343720,2019-02-27 20:33:13+00,2019-05-08 17:20:25+00,2019-05-08 16:47:56+00,11,4.81818181818182,5.56286372727273,5.5614157,-0.241501454545455,-0.2410539,167.096525580131
21002c000247373334363431,2019-07-02 21:13:38+00,2019-08-29 19:41:06+00,2019-07-10 18:41:33+00,2408,4.64576411960133,5.64522293189369,5.646727,-0.30296793936877,-0.3029558,165.8289096216
23005a000d50483553343720,2019-03-04 19:44:16+00,2019-03-06 08:38:12+00,2019-03-06 08:38:12+00,1,4,5.580588,5.5819955,-0.248902,-0.2486046,158.603084555403
270019000f47373334363431,2019-06-11 18:48:55+00,2019-08-31 23:59:33+00,2019-06-11 18:49:41+00,62193,8.96660395864486,5.63742091183892,5.6373552,-0.235180304101749,-0.2365458,150.72014126385
250058000151353432393339,2018-06-18 13:16:41+00,2018-12-13 19:02:16+00,2018-09-04 09:19:20+00,15097,9.25832946943101,5.62670078412925,5.627014,-0.30422336543684,-0.305523,147.387145804272
330056001251363038393739,2018-06-20 15:21:37+00,2018-12-13 03:25:20+00,2018-07-02 07:26:50+00,20590,6.70747935891209,5.6226013777562,5.62219,-0.274510850315686,-0.2757772,146.797085539265
500038001951353339373130,2018-06-19 12:22:53+00,2019-08-30 19:55:19+00,2018-07-02 18:05:29+00,48832,6.1353006225426,5.62144025235498,5.621957,-0.255587859907436,-0.2567482,140.039950093771
42002b000951353431383437,2018-06-13 22:46:23+00,2019-05-28 19:03:28+00,2018-07-01 00:00:07+00,230126,10.7576675386527,5.63923045976559,5.638157,-0.278065951552616,-0.2786736,135.994727039096
51003d000951343334363138,2018-06-14 08:59:36+00,2018-12-20 02:31:38+00,2018-07-01 07:19:01+00,24597,5.80400048786437,5.63499938024961,5.633857,-0.269581684636336,-0.2699868,133.632418791549
200026001050483553343720,2019-03-04 17:36:28+00,2019-07-19 02:56:59+00,2019-03-04 17:36:32+00,103949,6.39977296558889,5.6037101521515,5.6047665,-0.230973105474808,-0.231556,133.016376196206
2a0026000f47373334363431,2019-04-16 06:51:55+00,2019-08-25 13:59:53+00,2019-04-16 06:52:56+00,13707,4.77916393083826,5.63601042036918,5.6350518,-0.266363599255855,-0.2656511,131.683377295538
1e0029000747373334363431,2019-03-04 18:52:40+00,2019-08-12 11:54:38+00,2019-03-05 02:19:18+00,3834,4.88419405320814,5.58095134898278,5.5820618,-0.248982509650495,-0.2485844,130.057283214511
48003c001151363038393739,2018-06-13 16:55:53+00,2019-02-08 01:21:15+00,2018-07-01 13:55:19+00,14658,6.41328967116933,5.64559243553007,5.646727,-0.303008728066586,-0.3029558,125.221769290712
440021000d50483553343720,2019-02-26 18:46:18+00,2019-05-23 04:44:18+00,2019-03-01 18:07:03+00,181,4.26519337016575,5.56830189502762,5.5693511,-0.243493193370166,-0.2436326,116.691450095421
2e002e000c47373334363431,2019-02-26 21:49:53+00,2019-07-05 11:45:07+00,2019-07-05 11:20:02+00,3,4,5.57258333333333,5.5731483,-0.250124333333333,-0.2509423,109.600744509602
3b0028000151353432393339,2018-06-19 12:56:57+00,2018-12-20 11:59:29+00,2018-07-01 00:00:32+00,144294,11.4010145952015,5.62089650399149,5.621336,-0.255813446172412,-0.2566267,101.916481668564
340064000951343334363138,2019-04-19 11:00:28+00,2019-08-31 23:58:36+00,2019-04-19 11:01:44+00,98374,8.16524691483522,5.63091568229409,5.6306694,-0.273950084107592,-0.2731452,92.7996847920805
320062000951343334363138,2018-06-19 10:38:22+00,2018-12-20 07:41:09+00,2018-07-01 00:00:02+00,37777,8.88940360536835,5.62569344220027,5.625008,-0.229569850146914,-0.230055,92.583837514242
1a0034000147373334363431,2019-02-25 18:49:31+00,2019-02-26 09:33:29+00,2019-02-26 09:13:56+00,7,4,5.560549,5.5613329,-0.272842142857143,-0.2731112,91.3739705953188
2f002c001251363038393739,2019-04-18 03:51:57+00,2019-08-31 23:59:20+00,2019-04-18 03:52:19+00,122857,10.5438599347209,5.62532287835442,5.6256243,-0.300822277061933,-0.300053,91.0909363462375
18003f001951353339373130,2018-06-20 16:09:50+00,2019-08-31 23:58:58+00,2018-07-01 00:01:29+00,236138,9.90919716436999,5.65912785711727,5.658931,-0.26195375527872,-0.2627528,90.7287965636884
33005a001251363038393739,2018-06-20 18:38:24+00,2019-08-31 23:51:23+00,2018-07-01 00:00:21+00,36927,5.10694072088174,5.63086006502017,5.630218,-0.272722423321689,-0.2731098,82.6734001034388
1b004e000951343334363138,2018-06-19 09:43:19+00,2018-08-02 05:46:23+00,2018-07-06 10:30:18+00,555,5.58378378378378,5.62515967387387,5.624812,-0.229995061261261,-0.2293319,82.5521478242916
30002c001351363038393739,2019-04-15 16:58:49+00,2019-07-20 19:48:38+00,2019-04-15 18:48:29+00,46679,7.28374643844127,5.66565651025085,5.6655209,-0.296190020458881,-0.295458,82.078447736608
210031000b47373334363431,2019-03-04 18:52:57+00,2019-08-06 11:16:29+00,2019-04-18 12:06:53+00,30,4.53333333333333,5.58136496666667,5.5808229,-0.225588466666667,-0.2260978,82.0053044388984
4a003d001151363038393739,2018-06-19 15:06:37+00,2018-12-13 19:02:23+00,2018-07-01 00:39:55+00,5878,5.07298400816604,5.62764113763183,5.628335,-0.262140991493705,-0.2623532,79.9960382809864
3f004a000c51343334363138,2018-06-18 12:09:05+00,2018-12-14 21:39:29+00,2018-07-01 00:01:02+00,60404,10.7423514999007,5.64822174476844,5.64889,-0.29615552364083,-0.2964356,79.8843093665583
530039001351363038393739,2018-06-13 10:50:11+00,2019-08-31 18:20:50+00,2018-07-01 00:01:09+00,299761,7.28097717848553,5.60935614631665,5.609093,-0.26932289800872,-0.2699656,76.5671632059714
280036001951353339373130,2018-06-14 09:43:19+00,2018-11-08 21:01:23+00,2018-07-02 15:01:47+00,17279,6.90392962555703,5.64066545077837,5.640183,-0.291460670756408,-0.2919465,75.4861394836355
43003a000347373334363431,2019-05-10 06:53:29+00,2019-08-31 19:59:51+00,2019-05-10 14:29:43+00,18742,5.92188667164657,5.64067990566643,5.640183,-0.291483751147156,-0.2919465,74.8606221016525
1e0036000747373334363431,2019-03-07 21:59:08+00,2019-05-01 03:52:29+00,2019-03-08 19:43:00+00,7694,5.34273459838835,5.53526962620226,5.5346048,-0.268348115414609,-0.2684562,74.2594239185856
2b0051000d50483553343720,2019-04-17 16:42:58+00,2019-08-26 19:09:21+00,2019-04-17 20:59:28+00,96902,8.69007863614786,5.64825546119792,5.64889,-0.296242585178847,-0.2964356,73.122784730042
220031001950483553353620,2019-06-11 22:29:19+00,2019-08-13 13:22:02+00,2019-06-12 07:43:43+00,17233,6.16491614924854,5.63438609209074,5.6347488,-0.307294271455928,-0.307837,71.9681143515779
2f0039000551353431383736,2019-04-16 20:53:48+00,2019-08-28 04:08:39+00,2019-04-24 17:19:58+00,15489,8.38201304151333,5.62716427748723,5.627014,-0.304909924204273,-0.305523,69.592578418804
2b003f000d50483553343720,2019-03-01 19:17:31+00,2019-05-10 08:32:49+00,2019-05-09 15:00:01+00,388,6.22680412371134,5.59801434536083,5.5985054,-0.241711177835052,-0.2421072,69.5509059004096
170046000951343334363138,2018-06-20 13:21:56+00,2019-06-12 12:59:57+00,2019-04-02 11:19:15+00,17,4.41176470588235,5.65691123529412,5.657097,-0.281020882352941,-0.2804458,66.6286129762513
270027001050483553343720,2019-02-27 19:53:21+00,2019-08-31 23:59:18+00,2019-02-27 21:11:58+00,31246,5.2321897202842,5.54954910971009,5.549492,-0.26597356679255,-0.2665596,64.9162297677855
59003d000951343334363138,2018-06-14 09:04:50+00,2018-12-20 04:50:27+00,2018-07-01 00:06:45+00,88506,6.76922468533207,5.63274158793769,5.632951,-0.269794753576036,-0.2703359,63.9728286489931
560038000451353431383736,2018-06-20 15:54:38+00,2019-08-31 20:03:07+00,2018-08-08 12:18:55+00,22746,5.17765761012925,5.65912521814827,5.65865,-0.26298291963422,-0.2633111,63.672084985457
34002b001251363038393739,2019-04-15 19:15:26+00,2019-08-31 19:31:28+00,2019-04-16 13:30:33+00,6601,5.13194970459021,5.62428886956521,5.6242454,-0.231535767610968,-0.2309835,61.0758250081728
210037000e47373334363431,2019-04-15 19:29:01+00,2019-08-31 23:41:06+00,2019-04-15 21:53:21+00,83692,7.13114754098361,5.64443572808636,5.643888,-0.269682240668154,-0.269647,60.5118814561611
31002d000d50483553343720,2019-04-26 22:24:16+00,2019-07-03 00:25:39+00,2019-04-26 22:25:26+00,57525,7.53893089960887,5.64671722470229,5.6462694,-0.254092186527595,-0.2537848,59.8844714337628
1e0037000247373432363837,2019-02-22 19:18:52+00,2019-07-30 15:50:14+00,2019-05-27 20:39:19+00,12,5.33333333333333,5.55076383333333,5.5502877,-0.269978083333333,-0.270225,59.1325329134456
33003a000951343334363138,2018-06-18 11:11:41+00,2018-12-13 19:01:13+00,2018-07-01 00:00:39+00,127552,10.0277063472153,5.66713256583986,5.666602,-0.278449647869108,-0.2783815,58.9754283700917
30002c001351363038393739,2018-06-18 14:54:37+00,2018-12-13 16:20:57+00,2018-08-06 09:37:41+00,13900,4.81,5.59436651208633,5.594774,-0.274445340719425,-0.2741062,58.4494331277331
3f001e000d47373334363431,2019-03-04 17:33:27+00,2019-08-02 19:11:34+00,2019-03-04 19:27:04+00,23063,5.43359493561115,5.60358303373369,5.6040752,-0.231512124701903,-0.2314697,54.4625502596088
2f0039000551353431383736,2018-06-18 15:47:56+00,2018-11-10 10:17:38+00,2018-07-01 00:01:11+00,113201,8.48690382593793,5.65747213731338,5.657945,-0.298399666981748,-0.2982689,54.0898594460244
37004e000551353431383736,2018-06-19 10:51:40+00,2019-08-31 23:59:24+00,2018-07-01 00:00:02+00,309846,10.0546271373521,5.67192518985875,5.672064,-0.269030319035965,-0.2694984,53.8273023224777
2b004b001251363038393739,2018-06-13 07:56:24+00,2018-12-16 01:50:16+00,2018-07-01 00:01:07+00,63419,6.27493337958656,5.61421994582066,5.614278,-0.258953188303194,-0.2594371,53.7338207242538
33005b001251363038393739,2018-06-18 09:40:30+00,2018-12-20 11:58:16+00,2018-07-01 00:00:39+00,124555,8.87392718076352,5.61074520456843,5.610964,-0.295334209545975,-0.295761,52.8765175118906
31001e001351363038393739,2018-06-14 15:06:22+00,2019-08-31 17:34:20+00,2018-07-01 00:00:04+00,100636,5.57996144520847,5.61653471622485,5.616977,-0.259334683105455,-0.2592121,50.6000125713813
43002a001451343334363036,2018-06-14 14:00:01+00,2019-06-02 08:00:12+00,2018-07-01 00:05:28+00,1220,4.80327868852459,5.64567622131147,5.645904,-0.237900758196721,-0.2375071,50.1425322973076
300042000e47373334363431,2019-02-27 20:37:05+00,2019-08-15 15:48:56+00,2019-08-15 15:44:21+00,4,4,5.55954625,5.5599908,-0.24685925,-0.2469433,49.879944510149
320062000951343334363138,2019-04-15 22:42:26+00,2019-08-30 08:02:58+00,2019-04-24 01:09:55+00,40317,5.78168018453754,5.66299104831713,5.6634386,-0.287371030830673,-0.2873836,49.3620281130831
2d002d000a47373334363431,2019-03-04 18:29:47+00,2019-08-31 07:16:28+00,2019-03-05 05:25:06+00,12591,5.20903820189024,5.57914332523231,5.5793562,-0.231115333095068,-0.2307256,48.9598827751672
41002a000347373334363431,2019-06-12 11:40:02+00,2019-08-14 19:44:37+00,2019-06-12 20:26:09+00,27936,6.34883304696449,5.60424721635172,5.6038098,-0.270953921176975,-0.2708994,48.5983229921686
34005b000a51353431383437,2018-06-18 09:05:44+00,2018-12-14 21:37:40+00,2018-07-01 00:00:50+00,27651,7.15909008715779,5.66533341286033,5.665653,-0.295815396983836,-0.2961142,48.2360044433426
48003d001151363038393739,2018-06-14 11:42:33+00,2019-04-15 14:00:47+00,2018-07-01 04:48:39+00,25524,5.82776994201536,5.63385347355432,5.634085,-0.266730400603355,-0.266386,45.7525904525931
290029000f47373334363431,2019-04-23 19:43:39+00,2019-04-27 14:31:28+00,2019-04-23 20:40:26+00,1563,6.19449776071657,5.61866571657069,5.6186771,-0.239491703774792,-0.239079,45.5178962587912
450048001451343334363036,2018-06-19 16:42:23+00,2019-01-18 11:48:10+00,2018-07-01 00:00:42+00,152061,10.9844864889748,5.6852874716527,5.685209,-0.273377330959296,-0.2729732,45.3876142353237
400022000347373334363431,2019-02-26 18:39:42+00,2019-08-31 18:59:45+00,2019-02-26 20:02:30+00,30267,5.61116067003667,5.57946801770905,5.579101,-0.263412798955959,-0.2632272,45.3433161211415
250040000f47373334363431,2019-02-26 19:49:01+00,2019-08-31 19:03:11+00,2019-02-26 19:50:17+00,94936,6.18415564169546,5.57124996795743,5.5715175,-0.258786091893483,-0.2590919,44.7962440247201
200028000747373334363431,2019-02-26 19:34:03+00,2019-08-12 19:05:06+00,2019-08-12 19:05:06+00,1,5,5.538369,5.5387727,-0.250536,-0.250578,44.7481498841289
4d004b000a51353431383437,2019-04-18 11:34:47+00,2019-07-22 19:29:25+00,2019-04-19 23:28:13+00,300,5.01,5.60450236333333,5.6046822,-0.25771498,-0.2580769,44.5561858604734
370024000e47373432363837,2019-02-26 18:44:40+00,2019-05-17 00:17:19+00,2019-02-26 23:13:08+00,6897,5.98651587646803,5.57267312034219,5.5730441,-0.251919592286502,-0.252067,44.0110129578048
290050000351353337353037,2018-06-20 12:23:26+00,2019-08-31 22:56:14+00,2018-07-01 00:01:04+00,274784,6.68874461395132,5.64489013004037,5.645155,-0.264128178314592,-0.2638465,42.6282403331133
4a0039000951353431383437,2018-06-20 11:11:19+00,2019-04-28 15:20:58+00,2018-07-06 23:02:15+00,38369,4.91949229847012,5.61355040644795,5.613429,-0.283191889259556,-0.2835533,42.0336346913056
320031001050483553343720,2019-03-11 22:11:06+00,2019-08-31 19:40:46+00,2019-03-12 10:54:33+00,16083,5.55735870173475,5.59332231281477,5.5931752,-0.231462191257849,-0.2311151,41.5621329042241
420036000d47373334363431,2019-04-15 18:30:37+00,2019-04-19 21:30:00+00,2019-04-15 18:31:00+00,1703,7.77392836171462,5.62745879213154,5.627654,-0.238639959483265,-0.2383186,41.4542975260362
420038000d47373334363431,2019-02-25 20:08:23+00,2019-04-03 02:49:06+00,2019-04-03 02:49:06+00,1,4,5.571394,5.5714146,-0.260061,-0.2604342,41.2079341196896
48001a000951343334363138,2019-04-16 18:59:52+00,2019-04-23 17:26:31+00,2019-04-23 17:16:14+00,8,4,5.668138125,5.6681177,-0.289621625,-0.2892505,40.978450264779
2b002c001251363038393739,2018-06-20 16:13:51+00,2019-04-15 16:30:04+00,2018-09-02 14:24:46+00,449,5.11358574610245,5.62742299331848,5.627654,-0.238598721603563,-0.2383186,40.0303463230101
38002c000a47373334363431,2019-02-26 20:06:43+00,2019-03-10 03:46:36+00,2019-03-10 03:28:35+00,8,5,5.57863625,5.57835,-0.264105875,-0.2638871,39.7208523621757
30001a001451343334363036,2018-06-14 12:05:57+00,2019-06-29 03:53:54+00,2018-09-12 01:38:47+00,12600,5.02992063492063,5.64536658896821,5.645718,-0.291874705079366,-0.2918917,38.7883474392424
250049000d50483553343720,2019-02-22 13:30:22+00,2019-08-15 08:44:57+00,2019-02-22 13:31:45+00,147471,8.26654732116823,5.55701232305333,5.5572313,-0.271286274596361,-0.2710178,38.1964163371982
43003a000951343334363138,2018-06-13 14:50:23+00,2019-08-31 18:55:23+00,2018-07-01 19:56:21+00,35141,4.9235650664466,5.62076306240573,5.621056,-0.237879426567254,-0.2377012,37.8041998557765
290048001951353339373130,2018-06-19 14:55:53+00,2019-05-13 22:02:33+00,2018-07-01 00:01:33+00,39255,6.38840911985734,5.6276957233473,5.628019,-0.262849136721434,-0.2627494,37.298930334299
270025001451343334363036,2018-06-14 14:45:12+00,2018-12-20 11:40:10+00,2018-07-01 00:00:51+00,94555,11.0143091322511,5.62631504528577,5.626207,-0.300515487145058,-0.3008267,36.3201762261551
2f0041001047373334363431,2019-04-23 14:16:03+00,2019-08-31 18:06:12+00,2019-04-23 15:52:54+00,43131,5.98977533560548,5.61240804409817,5.6127023,-0.260793958382602,-0.2609397,36.2028425104043
2e001c000f47373334363431,2019-03-04 19:12:50+00,2019-05-04 17:30:39+00,2019-05-04 12:08:00+00,90,5,5.60496395555556,5.6052458,-0.232318511111111,-0.2321599,35.6559094328193
26002d000151353432393339,2018-06-21 12:25:07+00,2019-08-31 19:37:08+00,2018-07-01 00:28:01+00,55776,5.64759036144578,5.62955442575655,5.629676,-0.283936422959694,-0.2842346,35.5015004595432
230045000f47373334363431,2019-04-23 16:50:41+00,2019-08-31 23:59:30+00,2019-04-23 17:21:17+00,99304,6.04286836381213,5.61323673782523,5.6134947,-0.257752190314583,-0.2579355,34.8897137425759
500025001050483553343720,2019-02-27 17:16:34+00,2019-05-26 22:00:47+00,2019-05-26 21:56:08+00,2,4,5.5541645,5.5544438,-0.248227,-0.2483692,34.5540684359491
1d003f000951343334363138,2018-06-14 17:52:02+00,2019-08-31 07:58:16+00,2018-07-01 00:00:29+00,114216,8.80397667577222,5.62075294593571,5.621066,-0.268471075733693,-0.2684703,34.5143165513958
540057000d50483553343720,2019-04-17 18:29:09+00,2019-08-24 14:38:19+00,2019-04-24 01:08:25+00,15,4.06666666666667,5.6501458,5.6504506,-0.295900933333333,-0.2959566,34.1600365223962
20002c000347373334363431,2019-04-23 21:07:08+00,2019-08-27 16:26:21+00,2019-06-21 15:28:09+00,6529,6.0099555827845,5.65881417276766,5.6589664,-0.263621598866595,-0.2633562,33.7317597559097
1b0029000347373334363431,2019-06-11 17:06:08+00,2019-08-27 04:51:33+00,2019-08-19 13:04:35+00,20,5,5.6150689,5.6153398,-0.26044035,-0.2605793,33.5663566657884
350029001951353339373130,2018-06-21 14:11:37+00,2018-07-08 21:24:49+00,2018-07-08 21:04:04+00,8,4.5,5.630370625,5.630078,-0.28487475,-0.2848222,32.77799308021
2a002a000951343334363138,2018-06-19 16:42:51+00,2018-12-16 02:10:26+00,2018-07-01 00:00:33+00,27245,8.76689300789136,5.61293043240964,5.612955,-0.261589851495689,-0.2612947,32.6529850222368
400025000347373334363431,2019-02-22 18:25:36+00,2019-05-20 07:49:57+00,2019-02-22 18:26:22+00,72545,9.30506582121442,5.54599349039914,5.5457058,-0.268852932400576,-0.2689178,32.5141383696413
1d0036000951343334363138,2018-06-21 14:25:24+00,2019-08-31 23:58:32+00,2018-07-01 00:01:13+00,349910,11.6146037552514,5.65651420781235,5.656589,-0.299346071101145,-0.2996299,32.3603405003096
200043000347373334363431,2019-04-17 15:34:34+00,2019-08-31 23:59:55+00,2019-04-17 15:34:46+00,102087,8.35470725949435,5.6447772384829,5.6450524,-0.236400421777496,-0.236307,32.0373465882885
54003b000e51353433323633,2018-06-18 11:14:33+00,2018-12-15 08:14:58+00,2018-07-01 00:00:27+00,144128,7.93762488898757,5.59326904103289,5.593338,-0.278119045764869,-0.2778377,31.9365113585711
330024001050483553343720,2019-05-09 14:49:06+00,2019-05-19 23:34:32+00,2019-05-09 16:56:51+00,9611,9.04765373010093,5.62633042076787,5.626207,-0.300569191655395,-0.3008267,31.482742883014
510038001951343334363036,2018-06-19 17:33:05+00,2019-07-03 10:26:35+00,2018-07-01 00:00:58+00,266901,11.2904672519024,5.66478819146058,5.664987,-0.284241635456632,-0.2840373,31.4314637150435
3b001c000a47373334363431,2019-04-24 17:58:52+00,2019-06-28 09:25:07+00,2019-04-24 17:58:57+00,23617,6.90849811576407,5.59466094122878,5.5948823,-0.274550387009359,-0.2747263,31.1727046522137
510027000251353337353037,2018-06-20 08:54:37+00,2019-08-30 06:26:33+00,2018-07-01 00:01:18+00,257529,11.3036124086996,5.65750732625446,5.657408,-0.29557651076962,-0.2958349,30.5196811615383
40002a000347373334363431,2019-02-25 21:02:29+00,2019-07-16 08:23:35+00,2019-02-27 05:27:45+00,10894,5.37222324215164,5.56573173067746,5.5654842,-0.265793972094731,-0.265914,30.3293991474626
330026000e47373432363837,2019-06-11 16:39:29+00,2019-06-25 17:26:44+00,2019-06-18 14:06:01+00,250,6.288,5.613499412,5.6135302,-0.257693416,-0.2579631,29.925790304664
3d002b000d50483553343720,2019-02-27 09:01:05+00,2019-08-31 16:47:17+00,2019-02-27 09:01:48+00,70293,6.01247634899634,5.54592989973389,5.5458894,-0.246325941886106,-0.246068,28.7864935258589
33005b001251363038393739,2019-04-17 23:19:22+00,2019-04-23 02:52:29+00,2019-04-17 23:19:53+00,2955,6.17225042301184,5.65161188257192,5.6516028,-0.264764279526227,-0.2645038,28.7353203913783
280021001251363038393739,2018-06-14 15:20:20+00,2019-08-31 23:59:12+00,2018-07-01 00:01:13+00,293390,11.8394900985037,5.61640035453146,5.616539,-0.291159049442758,-0.2909405,28.5346137355875
380058000d50483553343720,2019-04-19 10:57:09+00,2019-08-31 23:59:10+00,2019-04-20 06:47:13+00,119528,11.1354996318854,5.6456813987101,5.6454868,-0.264030674662003,-0.2642008,28.4972873914879
380054000d50483553343720,2019-03-04 19:00:39+00,2019-05-10 17:20:59+00,2019-03-28 15:37:21+00,63,4.36507936507936,5.5843900952381,5.5843172,-0.251429666666667,-0.2516703,27.7203925192484
2d002d000d50483553343720,2019-03-07 22:15:36+00,2019-07-16 18:27:34+00,2019-04-20 21:23:59+00,3496,4.99771167048055,5.55378793392448,5.5539482,-0.248499406178489,-0.2486913,27.564363976996
2c003d000147373334363431,2019-04-23 20:16:42+00,2019-08-29 20:34:25+00,2019-04-23 20:17:01+00,23557,5.65891242518147,5.62106108400898,5.6211006,-0.270174605382689,-0.2699283,27.5024265809007
550033001351363038393739,2018-06-20 18:56:26+00,2019-04-12 11:53:55+00,2019-01-08 08:28:41+00,203,4.67487684729064,5.63057812807882,5.63033,-0.273205152709359,-0.2732044,27.3562465612397
35003d001951353339373130,2018-06-21 20:12:54+00,2019-08-08 14:04:37+00,2018-08-13 21:28:04+00,12228,5.94160942100098,5.67953407049395,5.679675,-0.278604014556754,-0.2788068,27.2259605161277
210032000b47373334363431,2019-03-01 06:45:10+00,2019-08-31 21:20:11+00,2019-03-01 08:40:14+00,30821,6.30917231757568,5.60070043590415,5.6007221,-0.253721610460398,-0.2534763,27.1507397098598
1f002c000d50483553343720,2019-02-28 05:30:37+00,2019-06-13 11:24:08+00,2019-02-28 16:15:27+00,216,4.12962962962963,5.5578357037037,5.5577478,-0.245279078703704,-0.245507,26.9324251325358
3d0038000647373334363431,2019-02-22 18:30:29+00,2019-08-31 23:58:51+00,2019-02-22 18:30:46+00,172866,9.86682170004512,5.54528419124063,5.5451216,-0.271469744507324,-0.2716405,25.9950118578961
32002a000d50483553343720,2019-05-09 16:58:53+00,2019-08-31 23:59:34+00,2019-05-09 17:13:13+00,104013,8.11571630469268,5.68427438713434,5.684213,-0.272851122003988,-0.272624,25.9387077688048
26003c000f47373334363431,2019-03-01 20:51:13+00,2019-05-23 21:04:45+00,2019-03-02 13:43:53+00,1692,5.19976359338061,5.56500094917257,5.5651561,-0.212280143026004,-0.2121047,25.8211136306882
41004f000951343334363138,2018-06-19 13:38:46+00,2019-05-10 18:42:53+00,2018-07-01 00:02:46+00,24501,4.57524182686421,5.6763160469369,5.676164,-0.277642752255012,-0.2774654,25.7551394050081
220048001451343334363036,2018-06-13 16:51:21+00,2019-05-04 12:38:16+00,2019-05-04 11:35:22+00,15,4.53333333333333,5.60774826666667,5.607679,-0.282675266666667,-0.2828967,25.5795663151761
2d0042000c47373334363431,2019-04-15 20:35:46+00,2019-07-31 11:17:55+00,2019-05-29 14:51:32+00,1735,5.08991354466859,5.65241310144093,5.6521925,-0.273108373487031,-0.2730381,25.5255200819429
2b004a001251363038393739,2018-06-20 16:07:59+00,2019-08-31 05:44:11+00,2018-07-01 00:29:44+00,98522,5.33230141491241,5.62190705833224,5.621744,-0.275581578561134,-0.2754357,24.1214740959141
43005f000951343334363138,2018-06-20 11:55:00+00,2019-06-04 20:21:32+00,2018-07-01 00:01:23+00,179147,10.0415301400526,5.65703874235675,5.657038,-0.279112654948163,-0.2793287,23.819107578998
380025001451343334363036,2018-06-13 08:21:14+00,2018-12-16 02:01:28+00,2018-07-01 00:01:09+00,108006,7.08872655222858,5.61548129761322,5.615315,-0.259996887626611,-0.2598592,23.8029670043818
24004f000951343334363138,2018-06-20 12:54:31+00,2019-08-31 23:59:09+00,2018-07-01 00:00:50+00,318332,9.41388864455977,5.61010688445415,5.609946,-0.275462028677682,-0.2753203,23.6384910505189
2c0028000c47373334363431,2019-02-26 21:01:22+00,2019-02-27 07:12:58+00,2019-02-27 01:06:47+00,59,4.49152542372881,5.53930038983051,5.5390967,-0.247451220338983,-0.2473929,23.3591649886737
250025000f47373334363431,2019-04-16 20:41:23+00,2019-04-29 14:12:15+00,2019-04-16 22:05:58+00,7026,9.67705664674068,5.62212330287503,5.6222916,-0.275817419442073,-0.2759458,23.3369563222082
1a003b000951353431383437,2018-06-20 17:07:51+00,2018-12-18 23:03:02+00,2018-07-03 10:03:57+00,17433,5.36494005621522,5.64439493999886,5.644605,-0.277959121895258,-0.2779587,23.1591618357583
49005b001151363038393739,2018-06-20 11:03:36+00,2018-09-01 14:04:27+00,2018-07-01 00:01:58+00,8173,5.23932460540805,5.60664418536645,5.606476,-0.258367411599168,-0.2584927,23.121898755876
310035001351363038393739,2018-06-20 09:32:28+00,2018-12-13 10:39:24+00,2018-07-01 00:00:00+00,43343,8.43723323258658,5.60603961850819,5.606241,-0.258699216182549,-0.2587567,23.0891230667735
490034000951343334363138,2018-06-20 15:52:37+00,2019-08-25 00:42:59+00,2018-07-15 19:25:34+00,53053,6.42355757450097,5.66381773554738,5.66362,-0.272748243643153,-0.272816,23.0446950443846
34002b000d50483553343720,2019-02-22 22:04:02+00,2019-08-31 23:59:09+00,2019-02-22 22:05:29+00,131193,6.38373236376941,5.5556827319827,5.5555344,-0.272561959106036,-0.272418,22.7891313842573
530033001351363038393739,2018-06-14 18:09:51+00,2019-08-28 17:24:23+00,2018-07-01 03:58:30+00,14641,4.76757052113927,5.64705535100062,5.647147,-0.270223964893109,-0.2700393,22.7287967322551
200020000747373334363431,2019-04-17 18:42:37+00,2019-05-17 12:35:17+00,2019-05-11 22:59:36+00,106,4.68867924528302,5.64507947169811,5.6450171,-0.291090198113207,-0.2908944,22.6555380130029
330053001251363038393739,2018-06-19 14:34:33+00,2018-10-25 06:28:03+00,2018-07-01 00:00:09+00,87584,9.09489176105225,5.63679641038333,5.636979,-0.23660962866506,-0.2365157,22.6379421339191
2b0059001251363038393739,2018-06-19 13:08:50+00,2018-12-12 15:05:56+00,2018-07-01 00:00:35+00,68967,8.96821668334131,5.63777779303138,5.637761,-0.236047304594945,-0.2362519,22.6324978996693
35001d000247373334363431,2019-02-25 21:04:11+00,2019-08-10 05:29:35+00,2019-03-06 21:39:11+00,733,4.90177353342428,5.56105592905867,5.5611347,-0.273229935879946,-0.2730429,22.3748515498872
4a003d001151363038393739,2019-04-23 15:04:13+00,2019-08-25 01:39:03+00,2019-04-24 12:17:46+00,171,4.35672514619883,5.60870142690059,5.6089018,-0.281994877192982,-0.2820202,22.2668493134643
310024001050483553343720,2019-02-22 16:34:31+00,2019-04-13 10:06:34+00,2019-04-01 18:18:32+00,55,4.27272727272727,5.54504627272727,5.5452231,-0.259314272727273,-0.2594023,21.7772873937209
2d001d000147373334363431,2019-02-28 20:14:42+00,2019-08-31 07:59:58+00,2019-03-01 02:50:04+00,27318,5.33684749981697,5.59857487839518,5.5987544,-0.253880573614466,-0.2539563,21.481072219585
35002d001951353339373130,2018-06-18 08:52:33+00,2019-08-31 23:59:38+00,2018-07-01 00:00:01+00,381625,10.488474287586,5.6113813074741,5.61134,-0.296144147005485,-0.2963343,21.4533210495912
4a004d001951353339373130,2018-06-14 17:00:23+00,2019-08-31 23:59:47+00,2018-07-01 00:01:06+00,335339,11.7670446920877,5.63787281530651,5.637727,-0.257646199425015,-0.2577719,21.2249828928693
20003d000347373334363431,2019-02-22 20:29:44+00,2019-08-31 23:58:44+00,2019-02-22 20:30:43+00,153379,6.78389479654972,5.55322712013385,5.5530617,-0.269542895435473,-0.2696399,21.1420599161319
2b0047000f47373334363431,2019-04-18 09:31:09+00,2019-08-31 23:59:06+00,2019-04-18 09:31:31+00,73188,5.40247035033066,5.67270793651964,5.6728354,-0.287747144080998,-0.2876042,21.1150911440813
3f0029000347373334363431,2019-02-25 19:39:41+00,2019-07-12 22:37:42+00,2019-02-25 19:52:55+00,120619,10.7026919473715,5.52309914551597,5.5229096,-0.256806352614418,-0.2568309,21.0719094105657
260048000d50483553343720,2019-02-26 20:01:04+00,2019-05-30 22:25:15+00,2019-02-26 21:35:54+00,51673,6.21738625587831,5.57098378249763,5.5711578,-0.258955832156063,-0.2588793,20.9588880629585
2a001b001451343334363036,2018-06-20 16:29:22+00,2018-08-21 20:42:58+00,2018-07-01 00:00:52+00,46302,8.70366290872964,5.64348103470689,5.643411,-0.278482236987604,-0.2786586,20.9210152233166
25004b000d50483553343720,2019-03-01 06:39:12+00,2019-06-02 00:50:29+00,2019-03-01 06:39:19+00,61619,6.43893928820656,5.60409642444698,5.604088,-0.252732980200907,-0.252922,20.8601203779292
48001a000951343334363138,2018-06-13 17:54:06+00,2018-12-07 10:45:42+00,2018-07-01 00:00:06+00,85196,9.09115451429645,5.60890398629054,5.609086,-0.245398378386306,-0.2453501,20.7609248430546
35002b000247373334363431,2019-02-27 17:49:22+00,2019-03-08 18:30:19+00,2019-02-27 17:50:40+00,7768,10.4917610710608,5.56016772837283,5.560272,-0.246590542610711,-0.246746,20.6375431934025
3d0050000d50483553343720,2019-02-28 21:26:40+00,2019-08-30 17:22:37+00,2019-03-02 16:02:46+00,2033,4.67732415150025,5.60049050909984,5.6004617,-0.254022686669946,-0.253838,20.6079429434739
200049000d50483553343720,2019-04-23 12:14:56+00,2019-05-15 02:38:27+00,2019-04-23 14:01:34+00,13650,6.49084249084249,5.60296761428575,5.6028816,-0.291176229010988,-0.2910142,20.2247480639246
2a0018000147373334363431,2019-03-01 19:27:31+00,2019-08-29 02:56:05+00,2019-03-01 19:28:52+00,90394,7.98324003805562,5.56453347843875,5.5643939,-0.20970009470761,-0.2098178,20.1298133480987
2e001f001251363038393739,2018-06-13 13:02:10+00,2019-05-07 01:03:30+00,2018-07-01 00:01:23+00,251628,8.06109415486353,5.63810468480835,5.638163,-0.307858973675438,-0.3080318,20.1095516564246
1a003d000951343334363138,2018-06-14 12:02:02+00,2019-08-31 23:58:13+00,2018-07-01 00:00:15+00,265272,11.5390919509032,5.64539496136019,5.64544,-0.291246848155836,-0.2914215,19.8853062026803
2f0029000247373334363431,2019-02-25 19:11:28+00,2019-08-31 23:58:30+00,2019-02-25 19:49:08+00,113141,6.5755031332585,5.53919852488491,5.5392732,-0.269271586993234,-0.2691078,19.8457815243418
3f0028000347373334363431,2019-02-22 19:26:33+00,2019-08-31 15:56:36+00,2019-03-05 05:26:13+00,5590,6.11323792486583,5.55308731484794,5.5532463,-0.269195980858677,-0.2691136,19.7414884050518
35003e001951353339373130,2018-06-14 11:29:21+00,2018-12-14 01:31:31+00,2018-07-01 00:00:28+00,111219,6.42329997572357,5.63316786923991,5.633267,-0.266125519371679,-0.2662743,19.7105858239547
2e0038000e47373334363431,2019-02-26 21:48:28+00,2019-08-31 23:59:34+00,2019-02-26 21:49:13+00,149740,7.79113797248564,5.5724759289434,5.5725348,-0.252214527928408,-0.2523833,19.706648101756
2e0048000951343334363138,2018-06-13 18:11:23+00,2018-12-13 19:01:43+00,2018-07-07 16:03:04.429+00,102342,7.57277559555217,5.60918906339539,5.609105,-0.24542746551757,-0.2455837,19.5599371705794
3e0021000247373334363431,2019-03-04 17:48:13+00,2019-05-02 13:24:21+00,2019-04-09 13:24:29+00,77,5.1038961038961,5.5848605064935,5.5850342,-0.234455064935065,-0.2344857,19.4452814839309
400030000347373334363431,2019-02-28 23:16:26+00,2019-08-31 23:59:32+00,2019-02-28 23:16:51+00,78271,7.2985013606572,5.59674682190081,5.5967719,-0.252979031787003,-0.2528045,19.4397531255385
1a0041001151363038393739,2018-06-18 11:23:08+00,2018-12-13 10:43:31+00,2018-10-11 13:28:56+00,18700,8.57427807486631,5.5900804869519,5.589972,-0.279665561229947,-0.2798039,19.3823871169302
300036000c47373334363431,2019-04-15 18:25:33+00,2019-08-31 23:58:25+00,2019-04-15 18:35:13+00,94850,10.7810542962572,5.62510837584594,5.625008,-0.229910859135474,-0.230055,19.3650913739174
1a0032000147373334363431,2019-02-28 21:24:29+00,2019-08-31 20:21:25+00,2019-02-28 21:25:39+00,44153,5.60618757502322,5.60443266403188,5.6045943,-0.253186361289155,-0.2532534,19.2922930513361
4f004a001951353339373130,2019-04-17 09:26:10+00,2019-04-19 13:53:46+00,2019-04-18 11:13:03+00,149,4.74496644295302,5.64349374496644,5.643411,-0.278504436241611,-0.2786586,19.2900307112561
500030001951353339373130,2018-06-13 14:44:39+00,2018-12-14 21:42:13+00,2018-07-01 00:00:04+00,121829,8.20389234090405,5.63464318469326,5.634741,-0.307933710413766,-0.3080787,19.2826633343585
29002e000f47373334363431,2019-05-09 18:42:36+00,2019-08-31 23:58:37+00,2019-05-09 18:43:18+00,91199,8.64558821916907,5.57155003290609,5.5716356,-0.258512923968466,-0.2586652,19.257401722904
2b002b001251363038393739,2018-06-20 10:11:23+00,2018-10-16 21:30:30+00,2018-07-02 12:54:49+00,2003,5.02546180728907,5.64828674837745,5.648214,-0.252557494757863,-0.252399,19.2268270622384
220027001050483553343720,2019-03-01 11:00:02+00,2019-08-31 23:59:06+00,2019-03-01 12:01:01+00,78803,5.6346458891159,5.57459110517371,5.5746125,-0.24588500433994,-0.2457163,18.748625301816
35002f000247373334363431,2019-02-27 21:23:11+00,2019-08-31 20:11:16+00,2019-02-27 23:38:34+00,105251,5.93579158392794,5.56710094145418,5.5671539,-0.245431412917688,-0.2452704,18.6872179948809
380039000a47373334363431,2019-02-28 18:51:30+00,2019-07-23 21:48:58+00,2019-03-06 03:51:10+00,3299,4.86389815095484,5.57277936556532,5.5726348,-0.23399114186117,-0.2340748,18.4146832309026
1c0020000347373334363431,2019-03-11 17:29:53+00,2019-08-05 11:32:31+00,2019-03-11 17:30:07+00,45616,5.73623290073658,5.59360435318747,5.5934385,-0.230116410513855,-0.2301037,18.3389324258071
510031001351363038393739,2018-06-14 11:02:26+00,2018-12-13 19:02:05+00,2018-07-02 12:26:43+00,32810,10.0639439195367,5.63256272115207,5.63267,-0.291727266869854,-0.2918516,18.1050099752544
22003e000247373334363431,2019-02-27 22:01:58+00,2019-08-31 17:41:38+00,2019-03-07 01:28:15+00,14569,5.10542933626193,5.55743926069051,5.5574769,-0.245361895806163,-0.245203,18.0030502069488
540031001951353339373130,2018-06-21 17:33:32+00,2019-06-28 19:37:11+00,2018-10-03 09:58:29+00,141437,7.18226489532442,5.65109141600139,5.651139,-0.265201675099169,-0.2650457,17.9786850592958
420028000347373334363431,2019-05-10 05:59:59+00,2019-08-31 23:58:41+00,2019-05-10 06:00:08+00,72476,10.1913461007782,5.60913293813123,5.608996,-0.255147695402622,-0.2552361,17.9702172145912
380037000a47373334363431,2019-03-01 19:42:49+00,2019-04-07 12:45:56+00,2019-03-17 13:28:15+00,17,4,5.56488905882353,5.5647576,-0.209717,-0.2096227,17.8366347632404
3c0025000e47373432363837,2019-04-17 16:59:01+00,2019-08-31 20:10:52+00,2019-04-17 21:23:00+00,37978,5.27007741323924,5.6356082882195,5.6357384,-0.238698224314077,-0.2387943,17.8317618077351
43002e000347373334363431,2019-05-08 21:20:07+00,2019-08-31 14:50:36+00,2019-05-08 21:20:53+00,10552,5.61523881728582,5.5395531382676,5.5394079,-0.246194074298711,-0.2462622,17.6865418114027
43005d000951343334363138,2018-06-13 17:53:10+00,2018-11-03 22:05:14+00,2018-07-01 08:54:08+00,30460,6.32012475377544,5.60878313335517,5.608934,-0.282437560571237,-0.282487,17.5033816799536
24004f000151353432393339,2018-06-18 14:48:17+00,2018-10-28 21:28:07+00,2018-07-01 00:01:19+00,85208,7.55244812693644,5.59469522909823,5.594841,-0.274075362970608,-0.2741352,17.3725546344997
2f0043000c47373334363431,2019-03-08 20:41:43+00,2019-08-24 18:52:15+00,2019-03-08 20:42:28+00,7854,5.37725999490705,5.60293813712759,5.6030738,-0.232564654188949,-0.2324852,17.3332436755711
3b0046000151353432393339,2018-06-18 15:39:21+00,2019-02-16 06:28:36+00,2018-07-24 14:33:16+00,14672,5.61075517993457,5.6044920791303,5.604417,-0.290629138290621,-0.2907672,17.3264149994579
3b0045000151353432393339,2018-06-13 14:37:54+00,2019-08-31 23:58:53+00,2018-07-01 00:01:09+00,234994,7.34054486497528,5.59866971154132,5.598513,-0.277543461969263,-0.2775515,17.3001597552257
3f004a000c51343334363138,2019-04-18 21:13:38+00,2019-05-29 15:45:39+00,2019-04-19 14:23:52+00,64,4.625,5.648192,5.6483473,-0.306898625,-0.3068915,17.1398351996105
4a0052001151363038393739,2018-06-20 09:46:27+00,2019-03-30 16:22:19+00,2018-07-03 11:13:05+00,47624,5.84799680833193,5.63434267031322,5.634203,-0.281944040210815,-0.2820095,17.0059616824345
190039000147373334363431,2019-05-20 01:57:46+00,2019-06-29 16:58:49+00,2019-05-25 19:00:29+00,35,5.05714285714286,5.61896617142857,5.6188787,-0.269633685714286,-0.2697602,16.957408856239
390024000647373334363431,2019-02-22 22:02:20+00,2019-07-13 10:22:05+00,2019-02-26 13:54:29+00,364,4.93681318681319,5.55726102747253,5.5573306,-0.270584439560439,-0.2704488,16.8066811655234
500051000351353433323636,2018-06-21 15:52:22+00,2018-12-12 16:51:15+00,2018-07-02 13:21:51+00,4808,5.47608153078203,5.65202624459233,5.652144,-0.272910812396007,-0.2728149,16.7440402140012
170045000951343334363138,2018-06-13 09:59:57+00,2019-07-08 04:52:15+00,2018-07-13 18:03:07+00,721,4.63522884882108,5.63776332177532,5.637813,-0.299577980582524,-0.2997196,16.5463122916835
490039000951353431383437,2018-06-20 10:31:42+00,2019-08-20 23:30:29+00,2018-07-01 00:00:16+00,270409,9.35232555129452,5.63597203983965,5.635914,-0.2815121499987,-0.2816497,16.4596366963201
200021000247373334363431,2019-02-25 20:02:53+00,2019-08-26 17:21:08+00,2019-02-26 01:51:59+00,12234,5.81134543076672,5.56467864018306,5.5647828,-0.259982443518064,-0.2598759,16.427171827975
22002a000951343334363138,2018-06-21 19:00:09+00,2019-08-31 23:57:06+00,2018-07-01 00:00:46+00,299878,8.69840735232328,5.63958579468702,5.639438,-0.277809706597361,-0.2778283,16.4228039308952
210058000d50483553343720,2019-02-27 17:53:50+00,2019-08-27 12:05:32+00,2019-02-27 17:54:40+00,83873,6.43017419193304,5.55917602903203,5.5591637,-0.248491400462603,-0.2483442,16.2856757763676
27003c000951343334363138,2018-06-13 14:16:07+00,2019-07-28 19:44:22+00,2018-07-01 00:00:55+00,111991,8.39696939932673,5.64870432833903,5.648577,-0.306267492235984,-0.3063383,16.0625757291625
2c0022000c47373334363431,2019-03-01 20:39:39+00,2019-07-16 11:09:33+00,2019-03-01 20:40:59+00,49374,6.04058816381091,5.57459999206054,5.5746458,-0.246345029165145,-0.2462069,16.0443236631589
200025001050483553343720,2019-03-09 04:18:14+00,2019-06-05 05:39:44+00,2019-03-09 04:18:24+00,70709,10.6696318714732,5.57437658708239,5.5742346,-0.236007636114209,-0.2360337,15.9156319989186
350039000247373334363431,2019-03-04 16:39:18+00,2019-08-31 20:30:27+00,2019-04-04 20:27:33+00,225,4.46666666666667,5.58409837333334,5.5840481,-0.234063795555556,-0.2339289,15.8714894273527
34002d000d50483553343720,2019-04-19 16:33:30+00,2019-07-01 02:09:50+00,2019-04-23 12:27:11+00,30821,7.88313163103079,5.61573470104797,5.615809,-0.243471756756758,-0.2433498,15.7444507288296
40003d001050483553343720,2019-02-27 06:31:23+00,2019-03-14 09:39:42+00,2019-03-14 08:04:49+00,4,4.25,5.54122825,5.541315,-0.243003,-0.2431146,15.5839544963981
33002b001151363038393739,2018-06-14 10:51:11+00,2019-08-31 23:59:21+00,2018-07-01 00:01:00+00,295420,11.5618238440187,5.63293614401108,5.632856,-0.294785970777134,-0.2946723,15.3339115293505
420025001451343334363036,2018-06-13 15:30:29+00,2019-08-08 12:26:17+00,2018-07-03 15:03:45+00,166437,10.1620733370585,5.6207408258019,5.620851,-0.238111964971726,-0.2381964,15.3035689196332
26001d000f47373334363431,2019-02-26 16:39:17+00,2019-08-30 11:01:33+00,2019-02-26 16:39:51+00,101044,7.87506432841139,5.53547439122565,5.5354725,-0.255482198774788,-0.2556206,15.2601596210817
490050000d50483553343720,2019-02-28 20:24:34+00,2019-08-31 23:59:54+00,2019-02-28 20:25:50+00,111963,6.72155980100569,5.57837726082728,5.5784121,-0.233083347900654,-0.2329517,15.0138228585562
35003d001050483553343720,2019-05-08 15:47:06+00,2019-08-31 23:42:00+00,2019-05-08 16:47:56+00,87510,7.17695120557651,5.56294406323837,5.5630073,-0.24082618059651,-0.2409466,14.9955080624424
49003f000951353431383437,2018-06-19 10:15:11+00,2019-08-27 17:34:06+00,2018-07-01 14:47:16+00,25011,5.20886809803686,5.67187976698251,5.671777,-0.268450412738399,-0.2683653,14.7113457848743
190031000147373334363431,2019-02-26 17:54:29+00,2019-03-06 21:41:59+00,2019-02-26 17:55:57+00,3548,8.40924464487035,5.53028319701242,5.5303904,-0.256844283821873,-0.2569235,14.6958260231177
370058000d50483553343720,2019-03-08 15:59:03+00,2019-06-15 20:17:09+00,2019-05-23 12:03:32+00,100,4.92,5.5998578,5.5999845,-0.24047401,-0.2404351,14.6125460218605
340029001251363038393739,2018-06-14 18:10:52+00,2018-12-20 07:58:20+00,2018-07-01 00:25:57+00,23240,5.51785714285714,5.62190333937177,5.621978,-0.284972027108432,-0.2848633,14.5412158163752
2b003f000d50483553343720,2019-05-10 06:38:12+00,2019-08-30 04:03:08+00,2019-05-10 06:41:32+00,26922,5.83039893024292,5.59835700988036,5.5984783,-0.242099443429165,-0.242151,14.5301691609273
26002b000f47373334363431,2019-06-11 19:10:08+00,2019-07-03 05:45:47+00,2019-06-11 19:10:27+00,20431,9.8260486515589,5.61881168278592,5.6186805,-0.234418857079926,-0.2344216,14.4660633378027
44003d001050483553343720,2019-06-13 22:38:38+00,2019-08-31 16:22:06+00,2019-06-15 16:00:25+00,9028,6.3337394771821,5.62418911929556,5.6243175,-0.231735573659725,-0.2317616,14.4418981302183
2d001a000147373334363431,2019-03-08 15:49:51+00,2019-08-31 23:58:32+00,2019-03-08 15:50:27+00,160549,10.9359821612094,5.57803749289004,5.5780036,-0.234510560788304,-0.2343842,14.4237074614363
500030001951353339373130,2019-04-17 22:08:16+00,2019-08-11 18:48:39+00,2019-04-18 03:01:21+00,508,4.99803149606299,5.67218950590551,5.6720591,-0.287166988188976,-0.2871757,14.409297868532
430034000347373334363431,2019-04-25 23:04:15+00,2019-08-23 14:46:09+00,2019-04-26 01:03:49+00,46023,7.0945179584121,5.6727963935859,5.6727441,-0.26873117719401,-0.2686129,14.2577223945769
2b002b000147373334363431,2019-04-24 10:28:17+00,2019-05-08 01:09:43+00,2019-05-06 09:49:08+00,56,4.69642857142857,5.59007626785714,5.589972,-0.279727785714286,-0.2798039,14.2325749350708
210025000747373334363431,2019-02-22 18:09:54+00,2019-08-26 15:06:20+00,2019-02-23 02:09:51+00,4364,4.99495875343721,5.54476727291475,5.5448015,-0.260995308890925,-0.2611181,14.0538048863556
200031000951343334363138,2018-06-13 07:31:20+00,2018-09-26 06:39:43+00,2018-07-04 12:11:40+00,23614,9.44062844075548,5.60774580384518,5.60775,-0.268130431566022,-0.2682562,13.8736852584924
480039000a51353431383437,2018-06-19 10:02:22+00,2019-08-29 11:51:18+00,2018-07-02 13:21:12+00,3142,4.84818586887333,5.62727366199872,5.627303,-0.253370596435392,-0.2532517,13.5014981700275
3e001e000d47373334363431,2019-04-24 17:56:58+00,2019-08-31 23:59:34+00,2019-04-24 17:57:24+00,50808,6.1131908360888,5.59032547146128,5.5904221,-0.279342664619738,-0.2794152,13.3208537143098
280048001251363038393739,2019-04-18 15:42:58+00,2019-08-26 18:26:50+00,2019-04-18 15:44:03+00,70554,6.63056665816254,5.62265434470055,5.6225541,-0.284128353346374,-0.2840658,13.0272032285912
2e0022000147373334363431,2019-02-25 19:53:50+00,2019-08-31 23:59:29+00,2019-02-25 19:54:14+00,163783,7.44619404944347,5.56392741122708,5.5640435,-0.258388101768789,-0.2584092,13.0084434994059
36005d000951343334363138,2018-06-18 09:50:18+00,2018-12-12 14:53:37+00,2018-07-02 12:31:13+00,790,6.14556962025316,5.64845405569621,5.64857,-0.299764367088608,-0.2997431,12.9961185971937
26001c000f47373334363431,2019-02-28 12:14:38+00,2019-08-20 03:34:21+00,2019-03-04 07:48:36+00,137,4.21897810218978,5.5703270729927,5.5702111,-0.226080934306569,-0.2261003,12.9630584373351
300039000c47373334363431,2019-03-04 19:22:22+00,2019-08-17 05:48:12+00,2019-03-04 19:23:39+00,109129,8.6033410001008,5.59180957361474,5.5917623,-0.240313042738418,-0.2402054,12.9616465431906
3f0022000247373334363431,2019-02-28 17:57:57+00,2019-08-31 17:18:48+00,2019-03-03 14:24:41+00,13575,4.85458563535912,5.59720610784532,5.59709,-0.252699213848987,-0.2526944,12.8118872303082
450053000a51353431383437,2018-06-20 14:51:27+00,2019-03-24 00:06:21+00,2018-07-19 08:58:16+00,8438,6.05510784546101,5.66212361708938,5.662227,-0.271993536146007,-0.2720457,12.7666900200294
4f004a001951353339373130,2018-06-14 11:31:11+00,2018-11-15 16:20:17+00,2018-08-01 03:25:31+00,4148,4.88645130183221,5.63576584040503,5.635653,-0.242981236740598,-0.2429625,12.610991662436
34005b000a51353431383437,2019-04-17 10:34:31+00,2019-08-31 23:59:10+00,2019-04-17 13:02:40+00,118064,7.17105976419569,5.64144439408274,5.6415527,-0.245292931986053,-0.2452949,11.9426985156408
450019000951343334363138,2019-04-17 22:37:33+00,2019-08-31 23:59:50+00,2019-04-17 22:37:38+00,96103,6.6164115584321,5.63114177391976,5.6310612,-0.300195518069144,-0.3002666,11.8460007780109
42002f000d47373334363431,2019-02-28 20:21:23+00,2019-08-27 07:41:58+00,2019-02-28 20:25:25+00,78614,7.57162846312362,5.57267322585032,5.5725708,-0.235013078980844,-0.2350451,11.8314228905812
3d005f001050483553343720,2019-02-25 14:33:25+00,2019-08-31 23:58:46+00,2019-02-25 14:33:41+00,167358,10.6022538510259,5.52317160312576,5.5232142,-0.257452695969133,-0.257355,11.7502896683824
500036001351363038393739,2018-06-14 15:17:28+00,2018-12-19 13:50:32+00,2018-07-01 00:02:43+00,12681,7.97720999921142,5.6180686400915,5.618104,-0.259325627553032,-0.2594261,11.7430668203845
200030000347373334363431,2019-04-18 18:10:29+00,2019-08-31 23:59:58+00,2019-04-18 21:23:42+00,118330,11.0640665934252,5.61137473578964,5.6113024,-0.237476437065846,-0.2374028,11.3802803171211
3b0023000a47373334363431,2019-04-19 09:42:46+00,2019-08-28 17:43:51+00,2019-04-24 15:58:54+00,5461,5.2093023255814,5.56192832100349,5.5618283,-0.242183804065189,-0.2422089,11.3691257679141
30002a000e47373334363431,2019-02-27 19:53:43+00,2019-08-25 06:28:22+00,2019-02-27 23:33:33+00,52725,8.63910858226648,5.55380560997629,5.5538128,-0.253753538511141,-0.2538563,11.3571521401165
500057000d50483553343720,2019-04-23 18:20:37+00,2019-08-31 19:40:14+00,2019-04-25 03:46:59+00,2080,4.65961538461538,5.61143389951922,5.6113439,-0.295249114903846,-0.2952027,11.1642792782998
4a0054000d50483553343720,2019-02-22 17:01:01+00,2019-08-31 23:59:30+00,2019-02-22 17:10:13+00,152726,10.8895211031521,5.55123254292647,5.5511333,-0.265627517384078,-0.2656427,11.0688311142907
3e002e001451343334363036,2018-06-21 12:01:29+00,2018-08-16 13:58:51+00,2018-08-05 12:32:32+00,688,4.62790697674419,5.68068732558139,5.680624,-0.267870161337209,-0.2677936,10.9540838196877
4c0048000551353431383736,2018-06-13 15:23:31+00,2019-08-31 23:59:42+00,2018-07-01 00:01:17+00,258122,9.06409372312317,5.63382264044517,5.633802,-0.285183057472822,-0.2850861,10.9290950746738
350020000247373334363431,2019-05-09 15:44:37+00,2019-08-17 05:12:43+00,2019-05-09 16:07:59+00,86892,7.53785158587672,5.63755435336983,5.63755,-0.257081263004649,-0.2569826,10.8881798807346
430039000347373334363431,2019-03-08 15:49:12+00,2019-07-10 21:29:58+00,2019-03-11 03:55:17+00,528,4.74621212121212,5.55585223863637,5.5558953,-0.270010193181818,-0.2699244,10.5832828249184
270045000f47373334363431,2019-02-25 19:28:43+00,2019-08-31 23:58:57+00,2019-02-25 19:29:46+00,103770,10.1020429796666,5.53959159614532,5.5396291,-0.269282648588239,-0.2693703,10.5109999612857
470019000951343334363138,2018-06-19 17:48:00+00,2018-12-14 21:37:01+00,2018-07-01 05:29:59+00,11854,5.09228952252404,5.61205508798716,5.612037,-0.237266999662561,-0.2373594,10.3804913350429
1e0024000747373334363431,2019-02-25 19:13:07+00,2019-08-31 20:46:51+00,2019-02-25 20:02:24+00,123935,6.00852866421915,5.53426112210436,5.5343356,-0.2680434299754,-0.2679865,10.33530040467
380025000a47373334363431,2019-03-01 19:36:07+00,2019-06-07 15:10:31+00,2019-03-01 19:37:28+00,40418,6.40011875896878,5.59900713909641,5.5989138,-0.241984536048297,-0.2419788,10.3100487593482
33001d000247373334363431,2019-03-01 08:06:49+00,2019-08-31 23:59:19+00,2019-03-01 08:52:41+00,111639,11.6575390320587,5.60525451154141,5.6052711,-0.224751834421672,-0.2246604,10.2452035865305
43002b000347373334363431,2019-02-22 18:27:01+00,2019-08-31 21:32:20+00,2019-02-22 22:22:01+00,52511,4.85713469558759,5.54362421285072,5.5436829,-0.27146765757651,-0.2715394,10.2189064033835
39004f000951343334363138,2018-06-18 09:08:36+00,2019-08-31 23:12:29+00,2018-07-02 10:33:44+00,92636,4.91847661816141,5.59609279529557,5.596131,-0.288903675925123,-0.2888202,10.1213039922958
1f0028000747373334363431,2019-05-09 17:49:13+00,2019-09-01 00:00:00+00,2019-05-09 20:42:45+00,65748,6.53708097584717,5.55222546372514,5.5523108,-0.240464080899804,-0.2404975,10.1040477389718
25004a000151353432393339,2018-06-19 17:34:26+00,2019-08-31 23:59:11+00,2018-07-01 00:00:04+00,242583,11.1735941925032,5.66474060089855,5.664656,-0.283689631404507,-0.2836558,10.0453880581944
340050001251363038393739,2018-06-14 17:07:40+00,2018-08-14 08:57:25+00,2018-07-01 00:01:01+00,31441,6.1484685601603,5.6375634863395,5.63755,-0.257070745268918,-0.2569826,9.83110432310516
350029001951353339373130,2019-04-23 21:16:30+00,2019-08-17 17:43:22+00,2019-05-16 10:18:54+00,60,4.83333333333333,5.6650256,5.6649751,-0.282895416666667,-0.2829685,9.79391378395387
33005c000a51353431383437,2018-06-19 16:55:43+00,2018-12-09 05:13:19+00,2018-07-01 00:01:03+00,96416,7.59721415532692,5.68427985709842,5.684213,-0.272680752095081,-0.272624,9.66853648040954
2e003b001251363038393739,2018-06-20 14:06:08+00,2018-12-19 12:03:29+00,2018-07-02 08:42:55+00,14831,5.77560515137213,5.61615904618698,5.616246,-0.243672658957589,-0.2436839,9.66643345175765
3f0026000347373334363431,2019-02-22 17:23:05+00,2019-08-31 17:52:45+00,2019-02-22 20:16:37+00,47572,4.77535104683427,5.5527027203397,5.5526165,-0.268799823614734,-0.2688091,9.56065109455031
500059000951343334363138,2018-06-20 10:49:34+00,2019-08-31 23:59:30+00,2018-07-01 00:01:19+00,283004,10.305073426524,5.61303199301397,5.612953,-0.283572701689682,-0.2835417,9.35567300914023
370029000d50483553343720,2019-03-01 22:34:14+00,2019-08-31 23:59:10+00,2019-03-01 22:35:08+00,163078,10.3320006377316,5.60981075078191,5.6097972,-0.228935364224497,-0.228852,9.31153617584851
4b0041001951353339373130,2019-04-16 21:02:37+00,2019-08-28 08:58:32+00,2019-04-17 07:21:55+00,22595,6.93728701040053,5.61866737287014,5.6186747,-0.259728172516043,-0.2598122,9.29918386785516
2e001f000f47373334363431,2019-02-28 20:23:05+00,2019-08-31 17:22:56+00,2019-03-13 11:00:21+00,1833,5.69285324604474,5.5995589939989,5.5994865,-0.252782195308237,-0.2527404,9.22564441841729
47001e000951353431383437,2018-06-18 18:18:20+00,2018-12-14 18:59:11+00,2018-07-01 00:00:18+00,148665,11.0533615847711,5.60469968649673,5.604629,-0.269927819412784,-0.2698843,9.15175953460058
1f002f000747373334363431,2019-03-26 20:08:45+00,2019-07-15 21:01:33+00,2019-03-27 02:25:17+00,10091,5.17015162025567,5.56784769438109,5.5678929,-0.204301502824299,-0.204232,9.14090892492493
1a0041001151363038393739,2019-04-16 20:59:02+00,2019-08-02 08:45:53+00,2019-04-16 21:02:07+00,28823,5.47129028900531,5.60745606501754,5.6075294,-0.268286485480345,-0.2683236,9.06165616796351
420035000d47373334363431,2019-03-04 18:15:42+00,2019-08-31 23:58:47+00,2019-03-04 18:32:00+00,110924,5.88470484295554,5.58081698993913,5.580834,-0.226771479787966,-0.2268506,8.92231808894867
3b0023000a47373334363431,2019-02-27 20:22:38+00,2019-02-28 06:45:13+00,2019-02-28 05:49:34+00,15,4,5.5620268,5.562029,-0.242165666666667,-0.2420863,8.75353603026936
45005e000951343334363138,2018-06-13 11:34:27+00,2019-08-31 20:17:16+00,2018-07-04 09:12:49+00,55769,5.53336082769998,5.61660446348326,5.616565,-0.24779969145941,-0.2478652,8.43159204093273
240057001151363038393739,2018-06-14 15:01:28+00,2019-04-15 19:28:15+00,2018-07-01 00:00:46+00,131851,10.194158557766,5.64392585590562,5.643888,-0.269711747753134,-0.269647,8.2690007240892
54003b001950483553353620,2019-02-22 18:35:04+00,2019-08-30 13:52:58+00,2019-02-23 15:05:43+00,6776,5.4892266824085,5.54429998155253,5.544226,-0.262431871458088,-0.2624442,8.26894334700585
3b0039000647373334363431,2019-02-26 18:04:12+00,2019-08-01 18:08:05+00,2019-02-28 15:21:42+00,631,5.49286846275753,5.53413832488115,5.5341512,-0.256020288431062,-0.2559465,8.25808653849218
3f0060001151363038393739,2018-06-19 13:27:10+00,2019-08-23 16:29:46+00,2018-07-01 00:01:34+00,131187,11.3609199082226,5.61802151281016,5.618001,-0.233375465213763,-0.2334458,8.07746422659566
3a002e000a47373334363431,2019-03-01 13:49:12+00,2019-08-10 18:14:09+00,2019-03-05 16:12:08+00,4516,5.92006200177148,5.58065281598759,5.5806874,-0.252101105403012,-0.2521656,8.06831687937942
2d001b000147373334363431,2019-03-08 15:51:15+00,2019-04-18 19:59:56+00,2019-03-15 18:54:28+00,277,5.52346570397112,5.57458662454874,5.5746498,-0.245994379061372,-0.2460308,8.03965377255801
370024001050483553343720,2019-02-22 22:26:58+00,2019-08-25 11:03:21+00,2019-02-22 22:27:58+00,163202,9.04672124116126,5.55699352968693,5.5569296,-0.269244965233256,-0.2692794,8.00566695690791
4b003f000d50483553343720,2019-02-25 19:12:26+00,2019-08-31 23:59:18+00,2019-02-25 19:13:04+00,97766,7.9118609741628,5.53835180002257,5.5382816,-0.269408877605721,-0.269394,7.91145451666699
35001e000247373334363431,2019-04-15 21:46:07+00,2019-08-31 23:59:48+00,2019-04-15 21:47:17+00,76692,7.58407656600428,5.61762409582489,5.617558,-0.246878502216657,-0.2469043,7.82245597198543
3e0020000d47373334363431,2019-02-22 18:29:58+00,2019-03-25 05:44:20+00,2019-02-22 18:58:35+00,1142,5.2600700525394,5.54451150700525,5.5445114,-0.268009904553415,-0.2680804,7.7721319395911
2e002d000d50483553343720,2019-04-17 06:36:31+00,2019-08-31 23:25:06+00,2019-04-17 06:37:45+00,91463,6.55754786088364,5.65856813546465,5.6585643,-0.296105320512115,-0.2961756,7.75984363656362
29002e000f47373334363431,2019-02-26 14:05:17+00,2019-05-09 13:55:32+00,2019-02-26 14:51:00+00,4640,6.84676724137931,5.57183294827588,5.5718277,-0.25884721163793,-0.2587785,7.59752387611579
19002a000147373334363431,2019-03-01 19:53:50+00,2019-08-30 21:10:46+00,2019-03-27 03:25:19+00,8837,5.99388932895779,5.60057948014028,5.6005719,-0.235675571347744,-0.2357427,7.44796849763837
2b0049001251363038393739,2018-06-18 13:45:40+00,2018-12-20 10:32:38+00,2018-12-20 10:32:38+00,1,4,5.6768,5.676787,-0.28328,-0.2833461,7.42712772127687
3e0029000d50483553343720,2019-03-01 10:59:16+00,2019-06-01 01:49:05+00,2019-03-01 11:18:25+00,82292,10.5579035629223,5.57442737177364,5.5744916,-0.246069520682453,-0.2460843,7.26621382844881
220025000551353431383736,2018-06-13 12:18:44+00,2018-09-30 22:03:30+00,2018-07-01 00:00:08+00,17476,8.15478370336461,5.61761650595105,5.617558,-0.246874627203021,-0.2469043,7.23245141767292
190029000147373334363431,2019-04-15 19:41:40+00,2019-08-31 23:58:44+00,2019-04-15 19:43:04+00,111464,8.93993576401349,5.61755623343849,5.6174967,-0.246948477014989,-0.246976,7.23104275727671
3f0049000551353431383736,2018-06-20 13:38:37+00,2018-12-07 16:17:59+00,2018-07-01 00:01:12+00,88504,11.6135315917925,5.64230148911881,5.642256,-0.285066478136585,-0.2851122,7.11069657117262
260045000f47373334363431,2019-04-17 20:50:24+00,2019-06-24 20:52:07+00,2019-06-24 09:43:30+00,424,8.07547169811321,5.63065494339623,5.6305943,-0.247877648584905,-0.2478982,7.05942912037211
3d0029000d50483553343720,2019-02-22 18:29:30+00,2019-07-23 16:20:14+00,2019-05-06 00:28:38+00,91,4.62637362637363,5.54576901098901,5.5458121,-0.259826725274725,-0.2598733,6.99533244179343
440032000347373334363431,2019-02-25 18:58:15+00,2019-06-24 03:57:59+00,2019-02-25 19:14:30+00,75625,7.17347438016529,5.52842911225118,5.5284814,-0.278597217719007,-0.2785621,6.94422984073915
200039000347373334363431,2019-06-11 14:11:49+00,2019-08-31 23:59:10+00,2019-06-11 15:11:05+00,65022,7.2196641136846,5.65742217427949,5.6574825,-0.300550144489561,-0.3005677,6.92681412686919
30003e000e47373334363431,2019-03-01 20:40:00+00,2019-08-30 14:56:58+00,2019-03-04 12:21:57+00,11874,5.41081354219303,5.58041316270839,5.5803918,-0.252574451743306,-0.252632,6.7677401931672
21002b000247373334363431,2019-02-28 16:38:12+00,2019-08-31 23:58:34+00,2019-02-28 16:39:14+00,143087,9.67934193882044,5.57259275892279,5.5726519,-0.227829305744052,-0.2278439,6.71589874549898
2c001b001451343334363036,2018-06-18 18:16:21+00,2019-08-31 23:52:59+00,2018-07-01 00:01:19+00,102478,5.28362185054353,5.62059570958651,5.620592,-0.292753783582828,-0.292814,6.65144557325428
410048001451343334363036,2018-06-14 09:30:24+00,2018-09-22 06:29:55+00,2018-07-01 00:00:04+00,9496,6.21651221566976,5.63109133645749,5.631147,-0.248323559077507,-0.2483021,6.57715128392504
250025001050483553343720,2019-06-11 20:25:56+00,2019-08-31 23:59:54+00,2019-06-11 22:30:56+00,52965,7.00991220617389,5.63563004595489,5.635573,-0.270216702747098,-0.2702336,6.55941927645398
2d0023000a47373334363431,2019-05-08 20:54:53+00,2019-06-10 20:58:15+00,2019-05-08 22:47:09+00,7992,6.79416916916917,5.52749545270269,5.5275453,-0.277639275650651,-0.277671,6.51426134940519
1e003d000951343334363138,2018-06-18 13:45:34+00,2018-12-10 23:21:57+00,2018-07-10 08:30:10+00,4065,5.84526445264453,5.67721354317344,5.67722,-0.283389014268143,-0.2833306,6.47939665705886
3e002d000d47373334363431,2019-02-27 17:45:19+00,2019-08-29 18:38:54+00,2019-03-22 10:52:19+00,28422,6.68387164872282,5.5466783534938,5.5466571,-0.245964522939976,-0.2459101,6.44143811802245
2b0034000147373334363431,2019-04-15 21:45:40+00,2019-07-01 00:18:00+00,2019-04-15 21:46:39+00,35225,5.30390347764372,5.61588253601137,5.6158852,-0.243862793584101,-0.2438059,6.2793901066957
3f0025000d47373334363431,2019-04-19 09:40:55+00,2019-08-02 13:10:42+00,2019-04-21 12:33:31+00,988,4.82591093117409,5.58510884311741,5.585064,-0.234813165991903,-0.234848,6.26032983759439
21002d000b47373334363431,2019-02-26 12:16:33+00,2019-06-15 13:56:20+00,2019-02-28 20:47:13+00,1035,5.18260869565217,5.53064195458938,5.5306937,-0.256370180676329,-0.256351,6.08424777806667
40003c000647373334363431,2019-03-04 17:53:52+00,2019-08-31 23:59:23+00,2019-03-04 17:55:10+00,151742,10.3997179422968,5.5903395912469,5.590309,-0.237444872764308,-0.2374906,6.06555830237361
340056001251363038393739,2018-06-14 16:42:44+00,2019-08-31 23:58:31+00,2018-07-01 14:30:02+00,145590,8.87298578199052,5.6324432351672,5.632451,-0.301326392829188,-0.3013773,5.67742827567178
3d0060000951343334363138,2018-06-21 16:54:38+00,2018-07-24 02:02:33+00,2018-07-01 06:32:08+00,8715,5.61319563970166,5.64498793138271,5.64498,-0.297404645668387,-0.2973538,5.67352630062625
2d0027000a47373334363431,2019-02-27 18:29:25+00,2019-08-31 23:59:44+00,2019-02-27 18:40:29+00,98231,6.60321079903493,5.55687298761084,5.5568659,-0.255317434750748,-0.2553681,5.64023495522184
34005a000f51353433323633,2018-06-19 17:39:43+00,2019-08-31 22:43:21+00,2018-07-01 00:02:24+00,178892,6.87050287324196,5.61240643404944,5.612448,-0.237495865701108,-0.2374676,5.54183455967259
2c001b000147373334363431,2019-02-26 14:02:37+00,2019-08-19 21:29:34+00,2019-02-26 14:53:34+00,128992,8.61296049367403,5.54094778422684,5.5409745,-0.243596856184883,-0.2435555,5.42813785590756
36001c001547373333353132,2019-03-04 19:38:33+00,2019-07-09 21:38:51+00,2019-03-04 19:40:01+00,112675,6.79865986243621,5.58172463420451,5.5817553,-0.248477059800303,-0.2485151,5.3869822069171
3b0017000951343334363138,2018-06-20 17:13:43+00,2019-08-07 18:36:25+00,2018-07-03 11:54:51+00,34585,6.38317189533035,5.62931720052044,5.629357,-0.237592937371695,-0.2375668,5.24952196709716
1c002a000747373334363431,2019-02-27 06:34:26+00,2019-08-31 23:58:34+00,2019-02-27 06:34:59+00,145708,11.316537183957,5.54454782084051,5.5445505,-0.245278986829829,-0.2452317,5.22173397330971
1f0055000d50483553343720,2019-05-09 20:05:28+00,2019-08-31 23:46:48+00,2019-05-29 22:40:23+00,7359,5.81179508085338,5.56523331050412,5.5652786,-0.212078345835032,-0.2120887,5.12199616700857
230048001151363038393739,2018-06-18 13:16:52+00,2018-11-12 16:21:40+00,2018-10-08 11:50:37+00,4371,5.3539235872798,5.66882569617936,5.66885,-0.287271593228094,-0.287311,5.1044313748285
21002e000b47373334363431,2019-02-25 18:42:03+00,2019-08-30 12:37:09+00,2019-03-30 03:32:33+00,1446,4.58990318118949,5.56423020608576,5.5642606,-0.259551957814661,-0.2595868,5.09751924574712
48002b001151363038393739,2018-06-20 09:54:11+00,2019-08-29 21:17:07+00,2018-07-01 00:00:49+00,31703,5.41910860170962,5.64838384449427,5.648358,-0.253139628899473,-0.253102,5.03285146899599
28001d000f47373334363431,2019-03-04 18:10:13+00,2019-08-24 05:29:19+00,2019-03-04 18:11:24+00,82166,7.62360343694472,5.57883705226019,5.5788815,-0.230323942506631,-0.2303154,4.99004701807654
2a0030000147373334363431,2019-02-22 17:55:56+00,2019-03-27 05:59:57+00,2019-03-15 09:33:11+00,72,4.73611111111111,5.55049073611111,5.5505333,-0.269527694444445,-0.2695175,4.82538863704595
3b001b001547373333353132,2019-02-26 19:43:24+00,2019-05-10 00:52:24+00,2019-02-26 20:07:06+00,13971,6.51198912032066,5.53933312160903,5.5392903,-0.246571342137285,-0.2465661,4.75632632836231
4b0041001951353339373130,2018-06-19 16:12:31+00,2018-12-14 16:35:40+00,2018-07-01 00:01:25+00,88875,8.9711617440225,5.61754906010673,5.617562,-0.234085760112515,-0.2340447,4.7463536411287
34001b001951353339373130,2018-06-21 15:03:18+00,2019-08-31 23:59:13+00,2018-07-01 01:35:36+00,151873,6.48803934866632,5.67793758045199,5.677979,-0.278229192996767,-0.2782185,4.71622534304066
440059000951343334363138,2018-06-14 13:12:26+00,2019-08-31 21:59:04+00,2018-08-05 21:52:13+00,29122,4.88462330883868,5.63849778772064,5.638535,-0.269565899491792,-0.2695818,4.46148921170109
200058000d50483553343720,2019-03-01 23:23:23+00,2019-08-30 18:39:10+00,2019-03-02 04:31:41+00,24540,5.60240423797881,5.56522446907093,5.5652169,-0.210143111409942,-0.2101798,4.13010019853956
57002c000151353432393339,2019-04-16 19:46:37+00,2019-08-31 12:49:31+00,2019-05-10 23:22:08+00,13947,5.58887215888722,5.64156651057576,5.6415988,-0.244944820463182,-0.2449627,4.06923289284246
5c0046001050483553343720,2019-02-25 15:05:39+00,2019-08-31 23:59:40+00,2019-02-26 03:48:00+00,86155,6.62590679589113,5.52975815920141,5.5297933,-0.266874882107822,-0.2668679,3.95000618392244
2e001e000147373334363431,2019-02-25 19:12:41+00,2019-07-23 19:18:58+00,2019-05-18 20:56:29+00,173,4.70520231213873,5.52809443930636,5.5280802,-0.278032959537572,-0.2780005,3.90786008378406
280031001050483553343720,2019-04-24 13:12:45+00,2019-08-31 18:39:23+00,2019-04-25 03:03:08+00,1189,4.68124474348192,5.6806381606392,5.680624,-0.267825703952902,-0.2677936,3.86848302864996
1e0034000747373334363431,2019-02-22 19:21:45+00,2019-05-26 14:29:01+00,2019-02-23 05:35:10+00,889,5.14285714285714,5.54854267266591,5.5485713,-0.270449089988752,-0.270462,3.46225840533107
440031000347373334363431,2019-04-18 15:43:20+00,2019-08-31 18:09:17+00,2019-04-20 16:34:49+00,4662,6.48691548691549,5.6343614997855,5.6343453,-0.281774314457315,-0.2817478,3.4256530728986
560044000151353432393339,2018-06-13 15:16:46+00,2019-06-29 17:38:16+00,2018-07-24 14:51:29+00,537,5.1340782122905,5.64757950279329,5.647583,-0.308481841713221,-0.308451,3.42208919130641
1e0036000951343334363138,2018-06-13 12:16:09+00,2019-08-31 20:10:49+00,2018-07-06 16:48:22+00,12822,4.98798939323038,5.6392766495087,5.639252,-0.310045165262828,-0.3100396,2.7860121104499
270042000f47373334363431,2019-04-16 15:13:47+00,2019-08-16 03:47:45+00,2019-04-16 20:46:44+00,30511,5.83887778178362,5.63598076690374,5.6360035,-0.241928296417686,-0.2419338,2.5787262511224
34002a000d50483553343720,2019-04-16 10:51:45+00,2019-08-31 21:28:38+00,2019-04-20 13:29:07+00,6108,6.22806155861166,5.62220525491159,5.62219,-0.275760457105435,-0.2757772,2.49719741447909
2e0048000951343334363138,2019-04-25 21:01:21+00,2019-07-07 06:15:59+00,2019-05-08 10:38:20+00,15916,7.16989193264639,5.67354347769537,5.6735433,-0.28076809675798,-0.2807456,2.48034493751584
550025001050483553343720,2019-03-04 06:56:54+00,2019-08-31 22:49:04+00,2019-03-05 17:46:07+00,74796,5.66852505481577,5.60374217960849,5.6037526,-0.232567270081288,-0.2325483,2.38621485219296
36002b000247373334363431,2019-04-17 09:26:22+00,2019-08-30 17:21:41+00,2019-04-19 14:43:02+00,1692,4.87647754137116,5.62835106205674,5.628335,-0.262354634160756,-0.2623532,1.7778867410568
2b001f000f47373334363431,2019-02-25 12:53:35+00,2019-07-26 19:33:59+00,2019-02-25 13:37:42+00,65119,5.21062977011318,5.5229822827132,5.5229836,-0.256234120656031,-0.2562186,1.71730436819092
43002c000951343334363138,2019-04-18 22:03:07+00,2019-08-31 23:50:54+00,2019-04-19 00:26:58+00,2441,4.96681687832855,5.62016014911921,5.6201449,-0.294677522326915,-0.2946805,1.71296774888626
2a001c000147373334363431,2019-02-27 19:49:40+00,2019-07-10 11:29:34+00,2019-02-27 19:50:40+00,49454,9.30757876005985,5.55263356666805,5.5526475,-0.254020734076113,-0.254016,1.62239614546193
350028000247373334363431,2019-03-04 06:56:19+00,2019-08-29 19:50:48+00,2019-03-06 18:07:01+00,83391,8.00351356861052,5.61058694733248,5.6105733,-0.228742150687728,-0.2287435,1.51195455771972
2e0020001251363038393739,2018-06-18 18:04:05+00,2019-08-31 23:59:10+00,2018-07-01 00:00:00+00,79903,5.52068132610791,5.67983993371959,5.679853,-0.281254468480538,-0.2812521,1.4640327600889
400045000251353337353037,2018-06-14 14:43:48+00,2019-08-31 23:59:59+00,2018-07-01 00:05:21+00,167454,7.50249023612455,5.62638338908003,5.626384,-0.300809851374089,-0.3007988,1.22027423581267
2c0053000d50483553343720,2019-02-27 10:28:34+00,2019-08-31 22:19:17+00,2019-02-27 12:19:55+00,95912,5.4685336558512,5.5504621417341,5.5504648,-0.26543819159229,-0.2654475,1.06727940399032
